group,effect,se,t_stat,p_value,conf_int_lower,conf_int_upper
3,1.9960931694856245,0.04980915773469947,40.07482278896376,0.0,1.8984690142253389,2.09371732474591
5,1.9929862922818466,0.04822810483725941,41.32416770277344,0.0,1.8984609437581963,2.0875116408054972
7,1.9320859173820977,0.054057264882739126,35.74146641664489,8.977586288078467e-280,1.8261356251091871,2.038036209655008
