att,se,ci_lower,ci_upper
1.9808316884319868,0.036637576850270276,1.9090233573246387,2.052640019539335
